[
  {
    "id": "announcement-1",
    "createdAt": "2025-09-01T02:00:00.000Z",
    "updatedAt": "2025-09-01T02:00:00.000Z",
    "title": "PCPDB Gelombang 1 Dibuka",
    "summary": "Pendaftaran PCPDB tahun ajaran 2025/2026 dimulai 1 Oktober 2025. Segera lengkapi berkas Anda.",
    "content": "Penerimaan Calon Peserta Didik Baru (PCPDB) gelombang 1 dibuka mulai 1 Oktober 2025. Kuota tersedia 300 siswa. Persyaratan dan informasi lengkap dapat diakses melalui website resmi atau datang langsung ke sekolah.",
    "date": "2025-10-01",
    "category": "Administrasi",
    "pinned": true,
    "imageUrl": "/images/pcpdb-2025.jpg"
  },
  {
    "id": "announcement-2",
    "createdAt": "2025-08-20T01:00:00.000Z",
    "updatedAt": "2025-08-20T01:00:00.000Z",
    "title": "Prestasi Tim Robotik Nasional",
    "summary": "Tim Robotik Sinlui meraih juara 1 Kontes Robot Indonesia 2025 tingkat nasional.",
    "content": "Selamat kepada Tim Robotik SMA Katolik St. Louis 1 Surabaya yang berhasil meraih Juara 1 dalam Kontes Robot Indonesia 2025. Terima kasih atas dukungan semua pihak.",
    "date": "2025-08-19",
    "category": "Akademik",
    "pinned": true,
    "imageUrl": "/images/prestasi-robotik.jpg"
  },
  {
    "id": "announcement-3",
    "createdAt": "2025-07-10T03:00:00.000Z",
    "updatedAt": "2025-07-10T03:00:00.000Z",
    "title": "MPLS 2025: Parade Ekstrakurikuler",
    "summary": "Masa Pengenalan Lingkungan Sekolah (MPLS) berlangsung 15-16 Juli 2025 dengan parade ekstrakurikuler.",
    "content": "Rangkaian MPLS 2025 mengangkat tema `Be Excellent in Faith and Knowledge`. Agenda meliputi pembekalan karakter Vinsensian, parade ekstrakurikuler, dan pembekalan literasi digital.",
    "date": "2025-07-15",
    "category": "Kegiatan",
    "pinned": false,
    "imageUrl": "/images/mpls-2025.jpg"
  }
]
