[
  {
    "id": "gallery-1",
    "createdAt": "2025-04-02T04:00:00.000Z",
    "updatedAt": "2025-04-02T04:00:00.000Z",
    "title": "Pentas Seni 2025",
    "description": "Sorotan konser tahunan dengan kolaborasi lintas ekstrakurikuler.",
    "imageUrl": "/images/gallery/pentas-seni.jpg",
    "tags": ["seni", "ekstrakurikuler"],
    "publishedAt": "2025-04-02"
  },
  {
    "id": "gallery-2",
    "createdAt": "2025-03-28T04:00:00.000Z",
    "updatedAt": "2025-03-28T04:00:00.000Z",
    "title": "Retret Rohani Kelas XII",
    "description": "Momen refleksi dan pendampingan rohani di Trawas.",
    "imageUrl": "/images/gallery/retret.jpg",
    "tags": ["rohani", "kelas-12"],
    "publishedAt": "2025-03-28"
  }
]
